clause,risk
"You must follow these terms to use the services",High
"You must comply with applicable laws",High
"You must not abuse or harm others",High
"You must not interfere with services or systems",High
"You must not introduce malware or harmful content",High
"You must not attempt to hack or bypass security systems",High
"You must not use services in fraudulent ways",High
"You must not impersonate others",High
"You must not violate intellectual property rights",High
"You must not misuse the services for illegal activities",High
"You are responsible for your account activity",High
"You must keep your account secure",High
"Google may suspend your account for violations",High
"Google may terminate your access if terms are violated",High
"Google may remove content that violates policies",High
"Google may take action against harmful content",High
"You must have permission to use certain services",High
"You must not reverse engineer the services",High
"You must not misuse AI-generated content",High
"You must not provide misleading information",High

"We may update these terms from time to time",Medium
"We may modify or discontinue services",Medium
"We may contact you with service updates",Medium
"We may store and process your data",Medium
"We may analyze content for improvements",Medium
"We may change features without notice",Medium
"We may provide recommendations based on your data",Medium
"Services may evolve over time",Medium
"We may notify you of important changes",Medium
"We may use automated systems to improve services",Medium
"We may limit access to certain features",Medium
"We may introduce new features or remove old ones",Medium
"Some services may require a Google account",Medium
"We may update software automatically",Medium
"We may monitor for abuse and violations",Medium

"These terms describe your relationship with Google",Low
"Google provides a variety of services",Low
"You can use services if you agree to the terms",Low
"You can choose what content to share",Low
"You can stop using services at any time",Low
"You can manage your account settings",Low
"You can access support when needed",Low
"You can use services across devices",Low
"Google develops and improves its services",Low
"Services are designed to work together",Low
"Some services include user-generated content",Low
"Content may belong to users or Google",Low
"You can review and update your information",Low
"You can export your data when needed",Low
"These terms help define service usage",Low



---
You must not abuse or harm others.
You must comply with applicable laws.
We may suspend your account for violations.
We may update these terms at any time.
You can stop using the service whenever you want.
---



---
You must comply with these terms to continue using our services.
You must follow applicable laws including privacy and intellectual property laws.
You must not abuse, harm, or disrupt our services or systems.
You must not attempt to hack, spam, or bypass security measures.
You must not misuse our services for fraudulent or deceptive purposes.
You must not impersonate others or create fake accounts.
You must not violate the rights of others including privacy and intellectual property.
You are responsible for your activity on your Google Account.
We may suspend or terminate your account if you violate these terms.
We may remove content that violates policies or applicable laws.
We may update or modify our services at any time.
We may stop offering certain services without prior notice.
We may take action against harmful or abusive content.
We may analyze your content to improve services and detect spam or malware.
We may provide updates automatically to improve functionality.
You can stop using our services at any time.
You can manage, export, or delete your information using available tools.
We provide services using reasonable skill and care.
We are not responsible for losses like profits or business opportunities.
We are not liable for indirect or consequential damages.
---